status,placement,415_mean,415_ptp,415_std,415_median,415_var,445_mean,445_ptp,445_std,445_median,445_var,480_mean,480_ptp,480_std,480_median,480_var,515_mean,515_ptp,515_std,515_median,515_var,555_mean,555_ptp,555_std,555_median,555_var,590_mean,590_ptp,590_std,590_median,590_var,630_mean,630_ptp,630_std,630_median,630_var,680_mean,680_ptp,680_std,680_median,680_var,910_mean,910_ptp,910_std,910_median,910_var
usable,right,2956.875,277,93.1932516,2944.0,8684.982143,12605.375,1191,399.440658,12555.5,159552.8393,5612.375,507,170.6457797,5583.0,29119.98214,16596.0,1555,521.331811,16522.5,271786.8571,24810.25,883,283.9460462,24807.0,80625.35714,27242.75,1066,324.5245974,27270.0,105316.2143,24093.25,1050,321.6252256,24146.5,103442.7857,12311.375,525,163.2595983,12340.0,26653.69643,3382.5,110,36.81614553,3394.0,1355.428571
usable,right,3062.375,124,38.58177771,3062.5,1488.553571,13054.125,540,168.0522347,13057.5,28241.55357,5820.375,229,70.85989698,5825.0,5021.125,17197.75,666,208.2098872,17204.5,43351.35714,25284.0,564,224.5038975,25344.0,50402.0,27783.25,545,216.819049,27866.5,47010.5,24601.875,426,166.9066784,24654.5,27857.83929,12572.875,215,84.42145547,12599.0,7126.982143,3442.5,61,24.2899156,3451.0,590.0
usable,right,3131.875,59,21.06749358,3139.0,443.8392857,13353.375,257,92.73300768,13385.5,8599.410714,5954.25,108,39.68716957,5968.5,1575.071429,17591.25,322,115.7333759,17631.5,13394.21429,25822.625,358,100.9496869,25818.5,10190.83929,28283.125,332,98.06329953,28288.5,9616.410714,24986.75,237,80.00312494,24984.5,6400.5,12772.375,119,40.35888113,12771.0,1628.839286,3498.75,34,10.41633333,3498.5,108.5
usable,right,3095.0,55,19.79177318,3090.0,391.7142857,13197.125,241,87.64121258,13176.0,7680.982143,5894.125,102,40.63931067,5891.0,1651.553571,17401.75,313,118.1533507,17384.5,13960.21429,25551.0,850,271.2853005,25568.5,73595.71429,27975.875,933,295.2952215,27995.0,87199.26786,24704.625,808,257.2036089,24710.5,66153.69643,12633.375,405,129.285882,12636.5,16714.83929,3465.75,104,33.16517106,3468.0,1099.928571
not_usable,moving,2810.5,1266,500.0705664,3101.0,250070.5714,11966.75,5431,2140.894589,13211.5,4583429.643,5322.5,2455,973.7905319,5892.5,948268.0,15820.75,7028,2758.640128,17409.5,7610095.357,23114.5,10699,4413.015781,24896.0,19474708.29,25097.625,11845,4923.547732,27089.5,24241322.27,21969.625,10574,4392.104212,23821.5,19290579.41,11227.125,5425,2257.982566,12188.5,5098485.268,3286.375,805,318.9357022,3404.5,101719.9821
not_usable,moving,1767.125,514,157.8330379,1753.5,24911.26786,7453.375,2259,691.8023949,7397.0,478590.5536,3302.5,942,290.0551672,3275.5,84132.0,9939.125,2964,909.9138794,9858.5,827943.2679,14756.625,6910,2082.036842,14364.5,4334877.411,16003.0,7415,2233.646666,15603.0,4989177.429,14083.75,6257,1879.944357,13763.0,3534190.786,7206.875,3153,947.9443078,7045.5,898598.4107,2654.0,766,222.767656,2614.0,49625.42857
not_usable,inclined,1816.875,144,58.12409754,1811.0,3378.410714,7652.125,635,255.7210743,7626.5,65393.26786,3397.125,264,109.1727825,3393.0,11918.69643,10252.875,823,339.0143012,10237.0,114930.6964,15106.75,709,249.8758263,15053.5,62437.92857,16321.375,787,278.1612777,16257.5,77373.69643,14322.875,695,244.7666162,14263.0,59910.69643,7329.375,351,122.8982593,7297.5,15103.98214,2712.5,83,27.21344206,2708.0,740.5714286
not_usable,inclined,1832.5,86,27.26064668,1828.5,743.1428571,7714.25,376,120.8147933,7698.5,14596.21429,3437.875,161,50.31738552,3430.0,2531.839286,10371.875,500,155.9811687,10346.5,24330.125,15305.0,892,306.707399,15260.5,94069.42857,16547.25,983,337.6582169,16512.5,114013.0714,14530.125,848,288.559693,14509.5,83266.69643,7440.375,423,144.2715074,7428.0,20814.26786,2741.25,99,32.19915704,2730.0,1036.785714
not_usable,inclined,1836.0,95,34.83020036,1831.5,1213.142857,7725.5,410,149.5478901,7705.0,22364.57143,3448.5,177,64.89992296,3439.0,4212.0,10406.0,555,203.6635882,10378.5,41478.85714,15428.125,795,303.5774495,15390.5,92159.26786,16663.25,853,327.9362961,16618.5,107542.2143,14606.25,725,276.6760612,14565.0,76549.64286,7483.625,366,140.3912263,7462.5,19709.69643,2759.5,112,37.79266747,2757.5,1428.285714
not_usable,inclined,1941.875,105,32.64719415,1949.0,1065.839286,8178.25,444,137.9945651,8212.5,19042.5,3645.875,190,58.66719088,3659.0,3441.839286,11014.625,599,185.580893,11057.0,34440.26786,16140.875,958,292.5242053,16173.0,85570.41071,17440.0,953,298.3578867,17497.0,89017.42857,15274.75,758,242.6612866,15345.0,58884.5,7820.375,390,123.6723061,7852.5,15294.83929,2845.125,111,35.54649872,2852.5,1263.553571
not_usable,moving,3434.375,1722,555.5360185,3589.5,308620.2679,14829.0,7767,2482.747441,15440.5,6164034.857,6561.625,3414,1087.278771,6886.0,1182175.125,19301.125,9714,3070.320804,20102.0,9426869.839,28461.5,7228,2744.937938,29382.0,7534684.286,31240.0,8193,3106.189673,32198.5,9648414.286,27487.875,7202,2811.216282,28342.5,7902936.982,14015.375,3575,1389.150916,14405.5,1929740.268,3933.875,1025,388.7722203,4039.0,151143.8393
not_usable,moving,3488.25,1281,480.7820266,3318.5,231151.3571,15046.625,5747,2162.816216,14276.5,4677773.982,6593.5,2435,921.3043549,6289.5,848801.7143,19414.25,7086,2645.340256,18479.5,6997825.071,28326.75,16008,4738.44184,28223.5,22452831.07,31006.125,17444,5172.725185,30971.5,26757085.84,27251.625,15284,4570.964448,27189.0,20893715.98,13875.125,7721,2301.73068,13825.5,5297964.125,3920.125,2057,617.5052198,3875.0,381312.6964
not_usable,moving,3305.625,1274,521.0382321,3414.0,271480.8393,14332.0,5869,2371.670779,14793.5,5624822.286,6207.25,2463,990.825017,6411.0,981734.2143,18259.875,6893,2813.824567,18914.0,7917608.696,26615.375,20334,6480.24607,29112.5,41993589.13,28888.875,21879,6987.852735,31690.5,48830085.84,25181.125,18793,6013.028556,27715.5,36156512.41,12800.75,9376,2987.949404,14062.5,8927841.643,3629.625,2704,838.2757708,3959.5,702706.2679
not_usable,moving,3759.375,1388,443.4143298,3726.5,196616.2679,16276.75,6225,1978.859971,16113.0,3915886.786,7079.0,2616,837.4672701,7021.5,701351.4286,20848.25,7492,2415.82531,20690.5,5836211.929,30174.5,12619,4802.825002,29318.5,23067128.0,32492.0,13713,5053.355745,31846.0,25536404.29,28038.75,11656,4255.898688,27718.5,18112673.64,14262.875,5728,2143.276826,14086.5,4593635.554,4058.875,1542,583.6110342,3963.0,340601.8393
not_usable,moving,1020.125,3670,1651.458181,131.5,2727314.125,4114.125,16286,7333.424408,159.5,53779113.55,1881.625,6947,3114.016558,203.5,9697099.125,5306.375,20804,9346.89574,267.5,87364459.98,4237.0,31354,11076.53811,329.0,122689696.6,4560.875,33254,11745.72301,423.0,137962009.0,4070.5,28257,9976.093724,560.5,99522446.0,2425.5,14047,4952.882739,685.5,24531047.43,1887.25,2919,961.7421321,1646.5,924947.9286
not_usable,moving,592.0,971,501.6122578,554.0,251614.8571,3305.875,6481,3378.081554,3060.5,11411434.98,1120.0,1921,995.5875509,1045.0,991194.5714,2335.0,4284,2226.777492,2170.0,4958538.0,2014.625,3501,1841.489765,2035.0,3391084.554,1562.5,2493,1285.951899,1594.0,1653672.286,1309.375,1767,874.232878,1354.5,764283.125,839.25,662,267.9620176,898.5,71803.64286,1006.375,1266,611.4680082,700.0,373893.125
usable,right,3583.375,252,91.2483855,3605.0,8326.267857,15185.25,1123,404.4339077,15278.0,163566.7857,6746.875,525,184.2835064,6793.0,33960.41071,20066.625,1443,514.268395,20205.5,264471.9821,29987.25,1903,619.5652277,30009.0,383861.0714,33006.375,1921,668.8025413,33104.0,447296.8393,28858.125,1619,595.3300255,29003.0,354417.8393,14807.75,825,299.7259463,14880.5,89835.64286,4066.875,209,75.57482101,4063.5,5711.553571
usable,right,3645.625,510,170.4757524,3705.0,29061.98214,15446.875,2216,735.8319757,15693.5,541448.6964,6870.5,978,312.0938504,6948.5,97402.57143,20432.5,2798,924.5836128,20725.5,854854.8571,29942.125,5007,1658.016236,30536.0,2749017.839,32879.875,5005,1604.496667,33420.0,2574409.554,28729.5,3872,1197.289558,29001.5,1433502.286,14758.25,1934,597.316798,14892.0,356787.3571,4057.125,564,175.6094998,4107.5,30838.69643
usable,right,3221.25,560,223.2274625,3176.5,49830.5,13604.875,2479,988.0625251,13358.5,976267.5536,6084.125,1064,426.9451077,5990.0,182282.125,18047.25,3099,1234.221993,17833.5,1523303.929,27420.5,4722,1560.67641,27898.5,2435710.857,30407.5,5320,1769.148383,30998.5,3129886.0,26855.125,4804,1628.024257,27478.0,2650462.982,13808.5,2411,812.1760893,14112.5,659630.0,3773.875,603,202.2625151,3838.5,40910.125
not_usable,moving,3179.125,759,228.3039562,3176.5,52122.69643,13358.5,3318,997.9404506,13375.5,995885.1429,5962.875,1529,458.6951797,5929.0,210401.2679,17791.5,4239,1276.103556,17752.5,1628440.286,25824.625,2680,864.6746601,25848.0,747662.2679,28628.875,2408,865.6760261,28657.0,749394.9821,25277.625,2128,750.654179,25143.5,563481.6964,13002.875,1113,384.9895871,12921.5,148216.9821,3704.0,302,99.39818912,3708.5,9880.0
not_usable,moving,3465.5,1141,397.4543999,3248.0,157970.0,14586.875,4859,1719.967395,13603.0,2958287.839,6507.0,2231,777.7408676,6106.5,604880.8571,19435.0,6377,2203.586427,18289.0,4855793.143,28454.375,13193,4826.108516,26770.5,23291323.41,31237.25,14274,5264.697597,29385.0,27717040.79,27193.625,12501,4603.777112,25563.5,21194763.7,13985.625,6357,2342.291609,13166.5,5486329.982,3946.625,1472,508.2839301,3754.5,258352.5536
not_usable,moving,2043.125,1716,584.8803144,2010.5,342084.9821,8473.875,7303,2482.384708,8350.0,6162233.839,3824.75,3213,1095.212928,3768.5,1199491.357,11396.25,9820,3346.738487,11260.0,11200658.5,18181.125,13737,5587.346021,17215.0,31218435.55,20123.75,14982,6076.31382,19205.5,36921589.64,17651.75,12788,5199.377456,16965.5,27033525.93,9188.0,6339,2589.41273,8791.5,6705058.286,3120.625,845,258.8303015,3175.5,66993.125
not_usable,inclined,1655.375,381,130.8968378,1630.5,17133.98214,6795.75,1654,565.8164139,6686.0,320148.2143,3091.875,698,238.7009112,3047.5,56978.125,9161.125,2210,756.6168001,9020.0,572468.9821,13876.125,2681,972.5848384,13640.5,945921.2679,15400.5,2823,1038.483922,15169.5,1078448.857,13608.0,2338,873.231928,13416.0,762534.0,7165.0,1127,419.7979106,7085.5,176230.2857,3012.625,396,125.9035203,3010.5,15851.69643
not_usable,inclined,1870.875,300,101.8983212,1910.0,10383.26786,7756.125,1308,446.2057301,7935.5,199099.5536,3490.25,564,193.134853,3571.0,37301.07143,10455.875,1787,607.8360769,10701.0,369464.6964,15988.25,1470,632.7136003,16025.5,400326.5,17646.375,1680,694.2200017,17674.0,481941.4107,15493.5,1580,616.4008436,15511.0,379950.0,8098.5,807,315.3814018,8109.5,99465.42857,2865.125,242,76.84945859,2865.0,5905.839286
not_usable,inclined,1838.5,181,54.05024118,1829.5,2921.428571,7599.375,755,223.7319426,7567.5,50055.98214,3421.25,323,94.88752741,3410.0,9003.642857,10199.75,1018,297.2405231,10162.0,88351.92857,15084.5,1018,313.5260299,15103.0,98298.57143,16739.75,1246,377.4738402,16752.5,142486.5,14803.75,1182,353.1647734,14815.0,124725.3571,7752.375,583,173.0631078,7753.5,29950.83929,2987.75,342,107.3735136,2950.5,11529.07143
not_usable,moving,1707.875,308,109.4681134,1712.0,11983.26786,7032.125,1332,467.6611831,7036.5,218706.9821,3192.75,560,197.757969,3183.5,39108.21429,9462.625,1748,620.6761146,9458.0,385238.8393,15853.125,17903,5964.218197,14019.5,35571898.7,17609.5,19400,6479.876233,15654.0,41988796.0,15598.875,16789,5631.225227,13930.0,31710697.55,8159.375,8451,2837.701431,7302.5,8052549.411,3060.125,1266,418.2782524,2909.5,174956.6964
not_usable,moving,2741.75,2260,748.6635235,2771.0,560497.0714,11552.25,9769,3229.930152,11696.0,10432448.79,5141.625,4240,1415.954392,5207.5,2004926.839,15321.5,12633,4207.115435,15544.5,17699820.29,26218.75,13219,4533.771112,26418.5,20555080.5,28916.375,14688,4931.152834,29085.5,24316268.27,25503.25,13119,4311.075562,25564.5,18585372.5,13140.375,6690,2198.535547,13166.0,4833558.554,3578.625,1415,491.4160116,3591.0,241489.6964
not_usable,moving,2746.25,3419,1031.778458,2789.0,1064566.786,11523.875,15123,4518.910534,11714.0,20420552.41,5139.625,6433,1941.596246,5212.0,3769795.982,15152.125,19472,5848.501797,15475.5,34204973.27,22109.625,18327,5908.611269,23150.0,34911687.13,24771.75,20390,6580.496459,25707.5,43302933.64,22010.5,17856,5792.761394,22665.0,33556084.57,11353.25,8812,2868.269849,11637.5,8226971.929,3449.0,1232,382.2321658,3489.0,146101.4286
not_usable,moving,2132.25,1476,568.2584296,2155.5,322917.6429,8885.875,6526,2510.542368,9011.0,6302822.982,3958.375,2750,1060.644809,3998.5,1124967.411,11758.375,8481,3274.121035,11931.5,10719868.55,19684.0,16111,5258.613451,20245.5,27653015.43,21697.125,17325,5672.046404,22209.0,32172110.41,18990.5,14908,4874.202733,19373.5,23757852.29,9816.875,7423,2428.538446,9988.0,5897798.982,3137.125,1263,439.931955,3080.0,193540.125
not_usable,moving,2671.875,2287,852.8185936,2569.5,727299.5536,11287.25,10019,3708.796599,10859.0,13755172.21,4974.375,4271,1585.79173,4806.0,2514735.411,14851.875,12870,4778.114704,14387.0,22830380.13,22294.125,15086,5434.950977,20642.0,29538692.13,24264.875,16160,5814.383211,22455.5,33807052.13,21015.25,13800,4965.697527,19431.0,24658151.93,10839.0,6896,2474.126108,10033.5,6121300.0,3414.0,1108,367.1041114,3474.0,134765.4286
not_usable,moving,1098.125,3370,1357.568461,429.5,1842992.125,3847.625,15066,6244.737623,572.5,38996747.98,1924.125,6390,2596.810705,624.0,6743425.839,5111.25,19620,8137.898513,870.0,66225392.21,9864.5,40599,16718.92163,1031.0,279522340.6,10906.625,43859,18027.43173,1432.5,324988294.8,10000.875,37144,15176.76337,2089.5,230334146.4,6217.125,17873,7100.970405,2732.5,50423780.7,5874.5,2513,812.1641284,6057.5,659610.5714
not_usable,moving,764.875,661,208.6435357,711.5,43532.125,2209.625,6220,2639.936901,852.5,6969266.839,1239.25,1570,539.9147419,1044.5,291507.9286,2053.875,3813,1478.983091,1369.5,2187390.982,1987.5,3404,1190.95268,1645.5,1418368.286,2124.125,2430,769.7428954,2286.5,592504.125,2514.125,2775,961.2149213,2946.0,923934.125,3038.0,4112,1833.525722,4145.0,3361816.571,6795.625,10091,4816.086524,9798.5,23194689.41
not_usable,inclined,2710.25,100,31.01957907,2707.5,962.2142857,11452.5,425,132.7650987,11432.5,17626.57143,5268.125,165,53.38388601,5252.0,2849.839286,15715.375,559,174.7348502,15689.0,30532.26786,22962.75,1038,334.5324029,22983.0,111911.9286,25564.375,1007,330.7143513,25599.5,109371.9821,22719.625,742,254.2793388,22763.5,64657.98214,11587.75,357,123.5322399,11609.0,15260.21429,3260.0,116,37.87573667,3265.0,1434.571429
not_usable,inclined,2795.75,139,46.83329097,2813.0,2193.357143,11827.625,603,203.4909177,11900.5,41408.55357,5421.375,245,81.88657225,5451.0,6705.410714,16191.5,781,262.0207189,16287.0,68654.85714,23685.125,1050,353.063506,23787.5,124653.8393,26269.0,1013,333.0276694,26355.0,110907.4286,23254.125,753,239.8222184,23304.5,57514.69643,11861.875,374,119.1091186,11888.5,14186.98214,3346.0,119,38.4781942,3356.0,1480.571429
usable,right,2837.875,35,12.0882174,2834.5,146.125,12026.75,169,56.77713322,12012.0,3223.642857,5490.75,62,20.72093489,5485.0,429.3571429,16407.75,185,61.61342618,16388.0,3796.214286,23984.0,303,107.150095,23941.5,11481.14286,26518.375,294,98.43480438,26485.0,9689.410714,23396.25,221,73.13539303,23382.0,5348.785714,11932.375,111,37.05184592,11924.5,1372.839286,3373.75,38,12.99175563,3368.5,168.7857143
usable,right,2857.375,104,30.00922477,2851.0,900.5535714,12115.75,450,130.4275935,12087.5,17011.35714,5521.125,185,53.44272635,5511.5,2856.125,16498.875,577,166.4550025,16471.5,27707.26786,24154.875,697,227.5235859,24069.0,51766.98214,26667.875,693,228.3458764,26585.5,52141.83929,23477.875,534,176.2825958,23419.5,31075.55357,11975.75,265,87.55039365,11947.0,7665.071429,3391.375,84,27.38058488,3381.5,749.6964286
not_usable,inclined,2749.875,624,202.3684317,2834.5,40952.98214,11648.375,2720,883.4544111,12017.5,780491.6964,5309.625,1242,407.6668589,5488.0,166192.2679,15889.375,3538,1144.046695,16364.5,1308842.839,22893.5,4789,1713.324754,23810.5,2935481.714,25284.25,5179,1856.479906,26305.5,3446517.643,22312.375,4379,1576.798197,23216.5,2486292.554,11380.125,2266,818.5084758,11853.5,669956.125,3301.25,323,108.5603848,3348.5,11785.35714
not_usable,inclined,2419.0,166,54.87127794,2421.5,3010.857143,10185.375,716,234.0085087,10196.0,54759.98214,4613.0,324,105.6706474,4614.5,11166.28571,13971.375,943,307.3996642,13989.5,94494.55357,20247.75,1379,455.8545351,20285.5,207803.3571,22452.875,1594,515.725685,22468.0,265972.9821,19837.25,1429,457.0557171,19854.5,208899.9286,10097.5,740,236.3115377,10099.5,55843.14286,3156.125,125,40.68498319,3158.5,1655.267857
not_usable,inclined,2602.875,389,132.7074522,2580.0,17611.26786,10975.375,1675,572.5456782,10874.0,327808.5536,4962.5,778,262.3732347,4925.5,68839.71429,15001.625,2198,748.7150779,14874.5,560574.2679,21937.625,3522,1162.689977,21778.0,1351847.982,24253.125,4031,1291.215533,24163.0,1667237.554,21354.5,3651,1145.559501,21344.5,1312306.571,10873.75,1881,589.8764398,10870.0,347954.2143,3306.875,304,101.4895315,3287.5,10300.125
not_usable,inclined,2249.25,386,145.6863068,2222.5,21224.5,9441.75,1666,631.8145637,9325.0,399189.6429,4260.625,748,282.821972,4212.0,79988.26786,12980.125,2258,854.3138329,12823.0,729852.125,18790.75,3474,1305.833806,18294.0,1705201.929,20638.875,3919,1469.701081,20132.5,2160021.268,18150.375,3390,1264.880563,17756.5,1599922.839,9211.875,1758,654.6417641,9000.5,428555.8393,3050.25,310,116.4789987,3011.0,13567.35714
not_usable,inclined,2206.125,89,30.46514402,2219.0,928.125,9239.75,379,130.8060178,9294.5,17110.21429,4178.875,173,58.67206076,4202.5,3442.410714,12741.125,532,179.5123852,12812.0,32224.69643,18659.375,542,216.2603837,18735.5,46768.55357,20485.125,578,233.849425,20555.5,54685.55357,18032.125,486,196.7438055,18084.0,38708.125,9159.0,251,102.3858249,9188.0,10482.85714,3049.5,56,19.80620393,3053.0,392.2857143
not_usable,inclined,2427.125,288,102.1349772,2428.0,10431.55357,10184.25,1256,448.320915,10192.5,200991.6429,4596.25,555,199.5113674,4598.0,39804.78571,14015.25,1677,595.4608659,14015.5,354573.6429,20609.0,2582,986.0294113,20881.5,972254.0,22660.875,2834,1102.05528,22992.0,1214525.839,19916.75,2420,959.0410017,20227.5,919759.6429,10136.25,1256,498.8812484,10298.5,248882.5,3254.375,221,87.64039757,3277.0,7680.839286
not_usable,inclined,2271.125,100,34.51060913,2263.5,1190.982143,9493.0,428,146.3986729,9459.5,21432.57143,4290.375,184,62.09885552,4271.0,3856.267857,13121.5,598,204.1309104,13073.0,41669.42857,19248.125,913,334.4835838,19270.5,111879.2679,21045.25,861,323.7784737,21067.5,104832.5,18448.25,627,243.229903,18458.0,59160.78571,9377.625,332,127.0106154,9385.0,16131.69643,3143.5,87,32.18251522,3149.0,1035.714286
not_usable,moving,2616.375,1737,649.5446619,2245.5,421908.2679,11098.125,7908,2970.882959,9373.0,8826145.554,4974.25,3431,1281.965205,4235.5,1643434.786,15087.375,9925,3703.483377,12985.5,13715789.13,20927.0,11895,4211.188431,18788.5,17734108.0,22717.375,12819,4529.577556,20449.5,20517072.84,19669.375,10751,3782.266741,17873.5,14305541.7,9991.625,5439,1913.618557,9087.0,3661935.982,3082.75,1808,489.7193803,3063.5,239825.0714
not_usable,moving,2811.75,876,303.6622889,2720.0,92210.78571,12061.0,3809,1322.071751,11645.0,1747873.714,5380.625,1663,581.754965,5200.0,338438.8393,16222.0,4957,1731.641418,15694.0,2998582.0,22349.875,9340,2864.940759,22577.5,8207885.554,24331.5,10131,3115.055881,24623.5,9703573.143,21022.5,8733,2692.281826,21300.0,7248381.429,10688.25,4428,1362.999607,10829.5,1857767.929,3030.25,1072,340.0322464,3060.5,115621.9286
not_usable,moving,3074.75,1065,364.9445163,3033.0,133184.5,13204.0,4754,1621.438603,12994.5,2629063.143,5861.375,2065,704.8458671,5778.0,496807.6964,17634.5,6133,2090.092137,17365.0,4368485.143,24343.0,12268,3953.885322,25544.0,15633209.14,26382.0,13139,4210.930674,27643.5,17731937.14,22618.5,11208,3571.927971,23647.5,12758669.43,11513.875,5660,1804.345029,12038.0,3255660.982,3262.625,1526,475.8138704,3363.0,226398.8393
not_usable,moving,2782.0,992,347.6106196,2832.0,120833.1429,11895.375,4338,1524.714581,12114.0,2324754.554,5300.375,1939,677.9283438,5394.0,459586.8393,15943.75,5710,2001.826363,16237.5,4007308.786,23307.375,7218,2333.086487,23674.5,5443292.554,25338.125,7842,2513.811928,25701.5,6319250.411,21767.375,6820,2166.822818,22059.5,4695121.125,11083.125,3473,1100.493842,11233.0,1211086.696,3131.5,1155,364.8334258,3209.5,133103.4286
not_usable,moving,2514.875,2038,733.3431155,2716.0,537792.125,10748.5,8875,3185.591984,11597.5,10147996.29,4813.125,3933,1419.315271,5205.0,2014455.839,14433.0,11679,4198.311327,15576.0,17625818.0,22214.625,10697,3794.177642,21743.5,14395783.98,24237.375,11503,4089.454799,23770.5,16723640.55,20941.875,9775,3519.715794,20552.5,12388399.27,10660.625,4936,1774.281419,10475.5,3148074.554,3055.875,1277,507.8009839,3007.5,257861.8393
not_usable,moving,2668.625,1805,576.3245458,2831.0,332149.9821,11452.25,7878,2513.947707,12159.0,6319933.071,5115.0,3528,1119.188226,5423.5,1252582.286,15352.5,10413,3313.773809,16271.0,10981096.86,22917.5,13868,4620.798076,24620.0,21351774.86,24877.625,14985,4950.693629,26694.5,24509367.41,21444.25,12859,4220.000398,22989.0,17808403.36,10892.25,6493,2126.955218,11674.5,4523938.5,3207.5,1661,561.1478033,3411.0,314886.8571
not_usable,moving,2121.75,3258,1271.27672,2651.5,1616144.5,9089.25,14078,5478.756995,11327.5,30016778.21,4052.5,6227,2422.044414,5049.5,5866299.143,12144.375,18735,7327.424083,15206.0,53691143.7,16188.625,28285,12672.00904,22660.0,160579813.1,17567.25,30582,13632.80816,24530.5,185853458.2,15198.875,26236,11602.66123,21080.0,134621747.6,7727.0,13301,5868.155466,10709.5,34435248.57,2246.5,3835,1765.715153,3200.5,3117750.0
not_usable,moving,285.0,746,377.0035998,19.5,142131.7143,944.25,2519,1267.137353,48.5,1605637.071,365.625,909,461.1649651,42.0,212673.125,1106.625,2930,1481.723026,66.0,2195503.125,1847.625,4308,2131.179012,778.0,4541923.982,1945.75,4572,2258.281822,846.5,5099836.786,1723.875,3951,1944.456769,816.0,3780912.125,949.375,2194,1081.462361,452.5,1169560.839,306.5,630,310.8219518,169.5,96610.28571
usable,right,2580.0,67,21.05095858,2585.5,443.1428571,10587.0,292,89.01203771,10611.0,7923.142857,4919.25,140,46.52418726,4932.0,2164.5,14629.625,399,129.2483075,14659.0,16705.125,21759.75,395,121.8039995,21789.0,14836.21429,24933.375,411,141.9687466,24991.0,20155.125,22831.125,335,120.7789451,22895.5,14587.55357,11958.875,168,59.58532298,11986.5,3550.410714,3027.5,36,12.54705429,3032.5,157.4285714
usable,right,2568.875,26,8.559664546,2569.5,73.26785714,10535.5,109,36.33573605,10540.5,1320.285714,4902.25,48,15.87225792,4904.5,251.9285714,14570.25,149,49.36670364,14572.5,2437.071429,21644.75,130,57.09328207,21617.5,3259.642857,24884.625,153,62.99192125,24859.5,3967.982143,22783.375,137,57.10375895,22775.0,3260.839286,11907.875,81,32.44968633,11900.0,1052.982143,3021.5,15,6.117889459,3019.5,37.42857143
usable,right,2575.875,29,10.00624805,2573.5,100.125,10578.375,135,46.40177798,10568.0,2153.125,4914.875,52,17.50459123,4910.5,306.4107143,14613.875,169,55.97049605,14603.5,3132.696429,21768.75,388,124.998,21770.0,15624.5,24943.25,330,114.1674835,24910.5,13034.21429,22748.75,215,84.38982674,22725.5,7121.642857,11872.375,104,39.74898921,11863.0,1579.982143,3030.875,36,11.72832347,3027.5,137.5535714
usable,right,2593.125,51,17.93191488,2601.5,321.5535714,10662.375,221,77.6364007,10696.5,6027.410714,4950.5,89,30.21352583,4964.5,912.8571429,14723.125,272,93.56958831,14763.0,8755.267857,21899.125,541,198.9331815,21988.0,39574.41071,25019.5,588,217.2207567,25121.0,47184.85714,22768.75,465,181.2045017,22812.0,32835.07143,11882.375,232,89.80126868,11903.0,8064.267857,3041.75,52,19.24095335,3051.5,370.2142857
usable,right,2603.375,174,66.00852218,2622.0,4357.125,10687.625,740,280.377265,10767.0,78611.41071,4956.0,324,119.707978,4986.0,14330.0,14765.25,963,365.4022246,14867.5,133518.7857,21985.75,1754,611.4794121,22250.0,373907.0714,25121.375,1930,673.4605593,25402.0,453549.125,22864.5,1668,580.8786448,23101.0,337420.0,11914.25,848,292.7957601,12032.5,85729.35714,3077.75,193,71.47577012,3113.0,5108.785714
usable,right,2648.25,120,38.57367718,2659.0,1487.928571,10903.625,540,175.6603358,10960.0,30856.55357,5038.75,225,72.80453283,5061.5,5300.5,15016.75,671,215.2564915,15078.5,46335.35714,22415.0,452,142.0874982,22437.0,20188.85714,25516.75,500,152.5270468,25531.0,23264.5,23164.5,444,132.9951664,23190.0,17687.71429,12050.375,222,66.11664476,12060.5,4371.410714,3113.125,40,11.75265927,3113.0,138.125
usable,right,2676.125,26,7.586407017,2675.5,57.55357143,11025.375,120,34.79711605,11024.5,1210.839286,5086.625,39,12.17652894,5087.0,148.2678571,15147.75,121,36.45251314,15146.0,1328.785714,22524.5,163,58.80233232,22517.0,3457.714286,25673.125,140,53.61353107,25672.0,2874.410714,23317.625,132,44.13271381,23300.5,1947.696429,12113.375,62,21.09121347,12106.0,444.8392857,3127.5,13,4.928053803,3127.0,24.28571429
not_usable,moving,2627.875,616,212.4055673,2701.5,45116.125,10846.0,2520,867.0864185,11145.5,751838.8571,4995.125,1140,393.7578797,5130.5,155045.2679,14895.75,3394,1169.235617,15304.5,1367111.929,21745.0,8287,2876.712509,22702.0,8275474.857,24664.375,9280,3235.589102,25805.5,10469036.84,22291.625,8407,2939.974098,23385.0,8643447.696,11582.375,4312,1508.174766,12141.0,2274591.125,2937.75,1616,565.5156307,3140.5,319807.9286
not_usable,inclined,1702.25,165,62.70964838,1699.5,3932.5,7097.625,685,259.8526712,7081.5,67523.41071,3273.625,310,117.6640951,3269.0,13844.83929,9796.625,974,370.2300202,9777.5,137070.2679,14671.125,1474,515.509578,14615.0,265750.125,16735.75,1566,545.2584577,16710.0,297306.7857,15103.625,1343,466.7746282,15112.0,217878.5536,7898.625,697,243.214742,7902.0,59153.41071,1515.75,226,79.18648875,1510.5,6270.5
not_usable,inclined,1693.625,177,72.30676218,1667.5,5228.267857,7061.5,736,299.4389993,6958.0,89663.71429,3255.875,329,134.1315319,3208.5,17991.26786,9726.0,1004,408.9844566,9580.0,167268.2857,14727.625,1465,562.410866,14634.0,316305.9821,16844.25,1635,627.8001843,16736.5,394133.0714,15234.25,1460,563.6751217,15130.0,317729.6429,7968.0,766,296.4436829,7911.0,87878.85714,1509.25,188,73.34410094,1492.0,5379.357143
not_usable,inclined,1670.75,122,46.90035029,1664.0,2199.642857,6973.5,504,193.9550758,6947.5,37618.57143,3214.0,226,86.7113438,3202.0,7518.857143,9594.875,697,267.2085528,9557.0,71400.41071,14406.75,895,349.0434889,14332.0,121831.3571,16456.125,1002,393.1853207,16370.5,154594.6964,14861.375,899,354.730456,14778.0,125833.6964,7777.375,467,184.7762643,7734.5,34142.26786,1443.375,130,50.84131475,1429.0,2584.839286
not_usable,inclined,1634.875,36,13.74707761,1630.5,188.9821429,6826.25,158,59.17468088,6807.5,3501.642857,3145.625,62,22.95297989,3138.0,526.8392857,9389.875,204,76.13228619,9369.0,5796.125,14188.5,474,146.8624235,14184.0,21568.57143,16150.5,423,141.7533068,16134.0,20094.0,14544.5,298,113.5039332,14522.5,12883.14286,7611.625,155,58.3020154,7602.5,3399.125,1402.5,49,17.41099817,1399.5,303.1428571
not_usable,moving,2157.625,1005,460.5440688,2315.0,212100.8393,8926.0,4022,1852.666958,9543.0,3432374.857,4118.25,1870,854.8204072,4401.5,730717.9286,12314.25,5626,2567.773897,13170.5,6593462.786,18255.625,8139,3648.079022,18231.5,13308480.55,20611.375,8966,4021.762227,20569.0,16174571.41,18549.5,8047,3604.157639,18580.5,12989952.29,9715.375,4213,1889.937182,9732.0,3571862.554,2276.5,1626,747.6305428,2467.5,558951.4286
not_usable,moving,2004.25,385,124.5331281,2019.0,15508.5,8166.125,1565,505.3704264,8216.5,255399.2679,3809.75,731,235.2717274,3845.0,55352.78571,11397.125,2137,693.2895576,11483.5,480650.4107,17969.125,3547,1400.05137,18546.5,1960143.839,20588.375,3699,1504.456897,21247.5,2263390.554,18838.375,3254,1332.893623,19426.5,1776605.411,9883.375,1674,683.4312459,10187.5,467078.2679,2592.375,544,201.3511059,2677.5,40542.26786
not_usable,moving,2169.5,433,123.0737294,2181.5,15147.14286,8802.625,1737,491.7963973,8841.0,241863.6964,4108.0,790,222.6932548,4122.0,49592.28571,12310.25,2374,675.2237195,12360.0,455927.0714,18178.125,4885,1828.445041,17821.5,3343211.268,20879.875,5563,2054.962804,20525.0,4222872.125,19112.125,5043,1858.0547,18860.5,3452367.268,9999.75,2583,949.8643136,9879.5,902242.2143,2610.25,799,312.0584881,2596.0,97380.5
not_usable,moving,2189.25,561,169.896397,2199.0,28864.78571,8892.0,2284,693.3690009,8916.0,480760.5714,4145.75,1056,322.8496997,4160.0,104231.9286,12423.125,3164,956.7015414,12478.5,915277.8393,18788.125,2359,833.8205421,18785.5,695256.6964,21559.0,2787,999.4725752,21540.5,998945.4286,19688.125,2624,929.2303171,19695.0,863468.9821,10321.875,1389,494.8885697,10313.5,244914.6964,2759.125,258,94.87200023,2762.5,9000.696429
not_usable,moving,1635.75,2455,1024.045026,2014.0,1048668.214,6645.125,10012,4170.868167,8172.0,17396141.27,3101.75,4647,1936.226356,3800.5,3748972.5,9312.125,13986,5844.176917,11489.0,34154403.84,11474.125,21099,9749.476637,15582.0,95052294.7,13122.125,24212,11183.35268,17792.5,125067377.3,11969.25,22029,10177.05444,16222.5,103572437.1,6254.5,11534,5327.663626,8466.0,28383999.71,1727.625,3027,1421.485635,2480.0,2020621.411
not_usable,moving,314.75,728,359.6477443,148.0,129346.5,1020.625,2364,1168.624214,501.5,1365682.554,406.625,898,443.7614988,209.5,196924.2679,1247.75,2917,1441.724141,586.0,2078568.5,2219.5,4475,2323.914923,2015.0,5400580.571,2409.5,4916,2554.493744,2187.0,6525438.286,2136.5,4288,2235.521735,1966.5,4997557.429,1172.875,2364,1237.325969,1094.5,1530975.554,346.75,637,331.596463,322.5,109956.2143
not_usable,moving,1689.375,2916,1442.990935,2192.5,2082222.839,6947.375,12308,6103.85501,9085.0,37257045.98,2723.0,4682,2317.449337,3533.5,5370571.429,8148.875,14360,7117.604301,10631.0,50660290.98,12065.375,23784,12689.71579,12082.0,161028886.8,12359.5,24341,12979.04229,12383.0,168455538.9,9469.125,18402,9795.335237,9500.0,95948592.41,4751.625,8932,4723.688932,4790.5,22313237.13,1871.375,2598,1314.231436,1940.0,1727204.268
not_usable,moving,1370.0,3402,1730.65966,150.5,2995182.857,5561.375,14588,7436.729042,260.5,55304938.84,2597.0,6498,3305.578964,270.0,10926852.29,7591.375,19734,10064.4508,433.0,101293170.0,14760.0,29458,15482.74552,14454.0,239715408.9,16467.375,32688,17247.75063,16217.5,297484901.7,14928.625,29146,15465.43241,14839.5,239179599.7,7808.75,14696,7793.571412,7795.5,60739755.36,2548.125,3249,1695.154307,2563.5,2873548.125
usable,right,3587.25,159,48.56439025,3595.5,2358.5,15094.375,715,218.7163443,15132.5,47836.83929,6822.0,302,90.07457228,6836.5,8113.428571,20403.625,896,259.724545,20439.0,67456.83929,29599.75,826,280.3267226,29597.5,78583.07143,33093.875,747,266.8013908,33167.5,71182.98214,29853.875,704,270.574224,29972.5,73210.41071,15311.375,325,126.4402033,15366.5,15987.125,4187.375,90,30.65912821,4194.0,939.9821429
usable,right,3641.25,112,40.72468539,3638.0,1658.5,15310.25,482,176.5824372,15291.5,31181.35714,6885.5,200,72.43322048,6876.5,5246.571429,20570.5,599,219.3855054,20547.0,48130.0,29995.5,1111,409.1506883,30033.5,167404.2857,33721.0,1075,380.9660652,33765.0,145135.1429,30492.75,762,260.4319215,30520.5,67824.78571,15590.625,370,127.7362657,15603.0,16316.55357,4254.75,124,43.8072075,4260.0,1919.071429
not_usable,moving,3130.125,928,374.7995417,3046.5,140474.6964,13165.125,3992,1578.285456,12827.0,2490984.982,5894.375,1792,721.7737947,5704.0,520957.4107,17776.375,5132,2052.196798,17373.5,4211511.696,23628.5,16487,5504.717094,24996.0,30301910.29,26195.0,18690,6190.814071,27543.0,38326178.86,23280.75,16919,5606.604874,24277.5,31434018.21,11934.875,8579,2835.873684,12426.0,8042179.554,3413.875,1761,634.5519088,3507.5,402656.125
not_usable,moving,2964.125,1099,337.4045632,2971.0,113841.8393,12474.125,4681,1461.236603,12539.5,2135212.411,5601.0,2044,638.2552109,5627.5,407369.7143,16943.5,6436,1961.455873,16984.5,3847309.143,20451.25,15405,5851.644744,22586.0,34241746.21,22759.75,16779,6461.111177,25348.0,41745957.64,20270.875,14765,5756.981288,22785.0,33142833.55,10419.875,7376,2874.275632,11655.0,8261460.411,2987.75,1979,774.2715932,3381.5,599496.5
not_usable,moving,2763.125,2181,891.3337418,3296.0,794475.8393,11641.25,9570,3861.63891,13981.5,14912255.07,5218.375,4162,1686.90697,6227.0,2845655.125,15716.875,12491,5093.688572,18763.5,25945663.27,24900.375,14746,5445.866347,27618.5,29657460.27,27802.75,16077,5947.651439,30939.5,35374557.64,24918.875,14166,5232.667919,27731.0,27380813.55,12739.0,7107,2626.091338,14132.0,6896355.714,3490.125,1986,725.7444331,3859.0,526704.9821
not_usable,moving,2955.375,803,306.8466055,2944.5,94154.83929,12526.75,3481,1316.833838,12439.0,1734051.357,5566.25,1496,576.3582095,5544.0,332188.7857,16725.75,4511,1721.541896,16691.0,2963706.5,24011.125,7608,2924.43413,22497.5,8552314.982,26793.75,8382,3230.238768,25143.5,10434442.5,23956.5,7487,2858.365117,22544.5,8170251.143,12243.75,3754,1430.289157,11560.0,2045727.071,3317.5,1215,457.620554,3081.0,209416.5714
not_usable,inclined,2238.0,515,166.5738789,2186.5,27746.85714,9465.125,2211,713.8820306,9245.0,509627.5536,4214.25,961,310.2385027,4117.5,96247.92857,12680.875,2914,940.4466169,12391.0,884439.8393,18164.875,3393,1051.433503,17940.5,1105512.411,20300.5,3712,1148.407096,20051.5,1318838.857,18146.625,3293,1016.567043,17922.0,1033408.554,9334.125,1667,514.2376987,9221.5,264440.4107,2421.5,459,142.5522461,2391.5,20321.14286
not_usable,inclined,1929.25,136,47.45448948,1921.0,2251.928571,8138.375,583,202.832047,8106.0,41140.83929,3634.625,256,88.60173733,3619.5,7850.267857,10907.625,798,275.9984149,10863.0,76175.125,15973.5,1087,362.2453786,15954.0,131221.7143,17905.0,1176,383.8999126,17881.0,147379.1429,16026.125,1023,327.1908301,16001.5,107053.8393,8258.0,517,165.8389925,8245.0,27502.57143,2129.5,130,42.02380278,2124.5,1766.0
not_usable,inclined,1855.25,40,14.02803316,1858.0,196.7857143,7834.125,171,59.69311398,7838.0,3563.267857,3493.5,76,26.60289995,3499.0,707.7142857,10459.375,230,80.84542129,10478.5,6535.982143,15403.5,332,105.9271987,15415.0,11220.57143,17266.75,346,108.8875567,17276.0,11856.5,15442.375,333,97.44586409,15434.0,9495.696429,7960.625,167,48.77334606,7957.0,2378.839286,2060.375,37,11.74658005,2062.0,137.9821429
not_usable,moving,2590.375,1431,746.7785936,2601.5,557678.2679,10877.125,5902,3079.481377,10922.5,9483205.554,4432.125,1806,934.1135504,4450.5,872568.125,13313.125,5479,2828.962982,13374.5,8003031.554,19373.0,21982,7993.743446,20943.5,63899934.29,20319.875,22362,7871.668319,22112.5,61963162.13,16274.625,16773,5687.311766,17916.5,32345515.13,8165.375,8050,2721.467248,8994.5,7406383.982,2578.25,2335,881.2200552,2726.5,776548.7857
usable,right,3600.5,311,90.71462317,3592.0,8229.142857,16003.75,1182,345.8528795,15944.5,119614.2143,6878.375,501,152.3491643,6876.5,23210.26786,20225.5,1529,449.9860315,20146.0,202487.4286,28621.25,1787,622.1678115,28387.0,387092.7857,30668.625,1177,425.5010282,30555.0,181051.125,27012.75,505,186.0812035,26961.0,34626.21429,13756.75,225,91.27157279,13732.0,8330.5,4006.75,104,36.95073941,4004.5,1365.357143
usable,right,3650.0,52,14.7938211,3651.0,218.8571429,16196.75,244,69.54084103,16196.0,4835.928571,6976.875,103,29.79183733,6974.5,887.5535714,20429.25,279,80.66464972,20431.5,6506.785714,28700.0,333,107.4629504,28685.5,11548.28571,30792.625,349,121.6352128,30763.0,14795.125,27206.5,308,118.2720834,27161.5,13988.28571,13870.875,152,58.74992401,13849.0,3451.553571,4030.375,45,16.16820071,4025.5,261.4107143
usable,right,3679.0,19,5.656854249,3678.5,32.0,16334.25,71,24.65620756,16335.0,607.9285714,7050.125,47,14.79804524,7046.0,218.9821429,20560.875,75,29.43485543,20567.0,866.4107143,28801.875,128,50.12965333,28798.5,2512.982143,31005.625,132,51.5805542,30978.5,2660.553571,27524.375,198,69.25096699,27548.0,4795.696429,14042.75,120,42.27376762,14056.0,1787.071429,4070.25,24,8.379396501,4072.0,70.21428571
usable,right,3695.25,21,7.478540729,3694.0,55.92857143,16399.0,102,37.05208689,16395.5,1372.857143,7108.875,50,18.129987,7110.5,328.6964286,20655.0,116,44.19437585,20655.5,1953.142857,28869.75,157,58.2991056,28865.5,3398.785714,31086.375,156,51.18017892,31081.5,2619.410714,27657.5,116,40.60260372,27666.0,1648.571429,14132.25,58,20.91308545,14139.0,437.3571429,4085.625,16,5.180664602,4085.5,26.83928571
not_usable,moving,3550.375,1295,445.8782465,3697.5,198807.4107,15716.125,5930,2038.045944,16383.5,4153631.268,6805.375,2506,867.7425453,7096.5,752977.125,19813.5,6989,2413.30982,20616.5,5824064.286,27871.25,8691,2949.282225,28821.5,8698265.643,30102.25,9283,3187.726272,31168.5,10161598.79,26822.875,8295,2887.754661,27810.0,8339126.982,13692.625,4228,1473.408191,14197.0,2170931.696,4009.5,796,271.3432197,4099.0,73627.14286
not_usable,inclined,2589.625,72,22.63964601,2584.0,512.5535714,11321.625,308,98.28956855,11289.0,9660.839286,4923.25,129,40.43954924,4911.5,1635.357143,14593.625,398,125.3326289,14566.5,15708.26786,20391.625,410,124.9204747,20390.0,15605.125,21999.25,440,134.6007323,21996.5,18117.35714,19454.125,404,124.7516819,19447.0,15562.98214,9936.25,209,64.40885032,9932.0,4148.5,3309.75,56,17.58042743,3308.5,309.0714286
not_usable,inclined,2584.125,71,25.34018548,2583.5,642.125,11305.625,307,110.0323816,11303.5,12107.125,4918.25,139,50.29555504,4918.0,2529.642857,14550.875,380,138.7530566,14550.5,19252.41071,20447.25,744,266.6167662,20459.0,71084.5,22054.875,822,290.6831547,22065.0,84496.69643,19514.5,771,267.8480379,19519.5,71742.57143,9969.125,400,138.7808524,9971.5,19260.125,3306.5,88,30.58944729,3308.0,935.7142857
not_usable,inclined,2687.5,55,18.70828693,2685.0,350.0,11764.375,241,82.78015204,11754.0,6852.553571,5119.375,102,35.37528395,5115.5,1251.410714,15106.125,287,97.17794797,15096.0,9443.553571,21172.375,349,110.2671269,21206.0,12158.83929,22855.875,388,124.0972401,22889.0,15400.125,20248.125,347,114.1746,20281.5,13035.83929,10345.875,177,58.74749235,10363.5,3451.267857,3392.875,41,13.21727765,3397.0,174.6964286
not_usable,inclined,2697.0,129,43.21044847,2694.5,1867.142857,11803.125,558,186.5126863,11795.5,34786.98214,5136.0,243,81.09430137,5129.0,6576.285714,15134.125,683,227.6177482,15120.5,51809.83929,21206.125,911,376.6034055,21350.0,141830.125,22867.75,963,401.211647,23010.5,160970.7857,20247.75,874,358.5541402,20360.0,128561.0714,10349.875,450,184.5197918,10407.0,34047.55357,3393.75,95,38.83941297,3407.5,1508.5
not_usable,inclined,2722.25,27,8.531454406,2722.0,72.78571429,11910.75,107,34.62348501,11909.5,1198.785714,5190.25,58,17.87056638,5190.0,319.3571429,15249.625,187,56.72977928,15250.5,3218.267857,21298.875,201,77.71640294,21322.5,6039.839286,23039.125,233,78.97456643,23062.5,6236.982143,20481.625,216,68.52932115,20497.0,4696.267857,10470.875,109,34.8196886,10479.5,1212.410714,3408.625,23,8.034523721,3410.0,64.55357143
not_usable,moving,2698.25,851,277.5627342,2718.5,77041.07143,11790.75,3854,1237.097265,11901.0,1530409.643,5128.25,1646,516.700452,5171.0,266979.3571,15166.625,4833,1516.82817,15194.5,2300767.696,20171.125,12773,4342.346187,21360.5,18855970.41,21615.25,13682,4613.641907,23059.5,21285691.64,18959.5,11809,3972.75784,20468.5,15782804.86,9701.25,5951,1992.473248,10466.0,3969949.643,3004.875,1214,482.9662625,3228.0,233256.4107
not_usable,moving,2144.625,836,311.2761463,2086.0,96892.83929,9380.375,3619,1346.138598,9149.5,1812089.125,4088.375,1522,591.9213117,3940.5,350370.8393,12028.0,4727,1760.397195,11664.0,3098998.286,15225.625,8399,2730.612696,14305.0,7456245.696,16319.625,9298,2942.544037,15439.0,8658565.411,14374.75,7891,2500.36613,13667.0,6251830.786,7438.375,4019,1269.001175,7104.0,1610363.982,2359.375,948,287.2688823,2302.0,82523.41071
not_usable,moving,2398.625,1452,546.7232095,2619.5,298906.2679,10548.125,6371,2408.595111,11484.0,5801330.411,4555.5,2711,1025.51353,4937.5,1051678.0,13472.0,8125,3050.975301,14657.5,9308450.286,19674.875,9796,3359.850696,19953.5,11288596.7,21135.0,10825,3653.025322,21331.0,13344594.0,18351.625,9723,3248.833019,18666.5,10554915.98,9376.25,4918,1646.41062,9567.0,2710667.929,2735.5,1796,567.803789,2845.5,322401.1429
not_usable,moving,2093.25,2939,1070.19621,2154.0,1145319.929,8655.0,13150,5296.706982,9448.5,28055104.86,3750.75,5484,2148.82305,4039.5,4617440.5,11230.375,16587,6441.945823,12076.5,41498665.98,14110.375,17084,5923.32134,13121.0,35085735.7,16607.875,13364,4637.581588,14054.5,21507162.98,14557.375,10755,3679.886603,12734.5,13541565.41,7324.375,5479,1917.322086,6223.0,3676123.982,2161.875,1850,691.2701431,1758.5,477854.4107
not_usable,moving,977.0,843,410.684794,1274.0,168662.0,2509.625,2761,1332.810022,3468.0,1776382.554,1444.0,827,395.2427825,1729.0,156216.8571,3805.25,4232,2027.747642,5262.0,4111760.5,6149.5,7539,3809.414916,8908.5,14511642.0,9308.0,12475,6400.846551,13945.0,40970836.57,8686.5,11361,5704.879791,12817.5,32545653.43,4758.375,4102,2055.949759,6247.0,4226929.411,1734.125,1576,425.5468541,1708.0,181090.125
usable,right,3742.75,403,130.7186182,3779.5,17087.35714,16570.375,1831,594.0706878,16740.5,352919.9821,7274.5,753,245.0405214,7347.5,60044.85714,21019.75,2113,688.0722034,21218.5,473443.3571,30112.75,741,266.7988809,30070.0,71181.64286,32479.5,466,163.260528,32427.5,26654.0,28870.5,195,67.47274582,28842.0,4552.571429,14806.25,117,40.44661384,14790.5,1635.928571,4273.375,56,19.16050626,4267.0,367.125
usable,right,3891.5,97,34.32616661,3902.0,1178.285714,17269.75,496,176.4059847,17311.5,31119.07143,7571.375,222,79.25895623,7583.0,6281.982143,21815.875,568,201.1335289,21849.5,40454.69643,30994.375,609,215.7597457,31030.5,46552.26786,33241.625,658,232.1138498,33260.0,53876.83929,29408.75,582,206.4722396,29418.5,42630.78571,15098.0,305,108.3196328,15106.5,11733.14286,4365.5,84,29.5489908,4367.5,873.1428571
usable,right,3911.5,38,15.13746535,3917.0,229.1428571,17351.375,159,62.01598296,17368.5,3845.982143,7620.5,58,21.18624891,7624.5,448.8571429,21932.125,166,65.10966024,21951.0,4239.267857,31063.5,352,113.1875813,31099.0,12811.42857,33312.75,308,97.55694308,33335.5,9517.357143,29498.0,223,69.16026935,29509.0,4783.142857,15153.625,114,35.19714883,15159.0,1238.839286,4377.625,40,12.63710523,4380.5,159.6964286
usable,right,3928.5,25,8.94427191,3929.0,80.0,17432.25,101,35.1598391,17433.0,1236.214286,7653.5,42,15.28771682,7653.0,233.7142857,21997.625,116,37.89812472,21997.0,1436.267857,31149.375,192,54.03421535,31138.5,2919.696429,33412.625,203,66.28711898,33395.5,4393.982143,29570.875,204,66.8076931,29556.5,4463.267857,15195.125,102,33.40845701,15186.5,1116.125,4389.375,26,8.501050355,4387.5,72.26785714
not_usable,inclined,2065.625,600,191.8131066,2026.5,36792.26786,8910.875,2689,859.6475087,8735.0,738993.8393,3938.75,1151,367.2639183,3863.5,134882.7857,11589.625,3386,1078.04094,11375.0,1162172.268,15592.25,2794,944.4800157,15783.0,892042.5,16799.25,3102,1050.737394,17007.5,1104049.071,15081.375,2810,949.7378492,15256.0,902001.9821,7659.125,1403,474.9578741,7747.0,225584.9821,2831.375,296,101.3648819,2851.5,10274.83929
not_usable,inclined,2205.125,189,84.75753232,2217.5,7183.839286,9514.875,839,376.2660296,9570.5,141576.125,4190.875,349,157.0863616,4213.5,24676.125,12365.125,1055,473.2146712,12434.0,223932.125,17454.375,1447,587.9445886,17618.0,345678.8393,18847.0,1575,643.6363214,19018.0,414267.7143,16891.5,1344,550.6238021,17025.0,303186.5714,8576.75,692,283.9983652,8643.5,80655.07143,3023.75,145,59.16019415,3039.0,3499.928571
not_usable,inclined,2211.875,100,33.16382496,2222.5,1099.839286,9553.75,443,146.7843413,9600.5,21545.64286,4205.375,184,60.80163884,4225.0,3696.839286,12406.375,560,185.2727237,12469.5,34325.98214,17449.125,626,209.8233526,17523.5,44025.83929,18852.0,666,225.5070477,18944.0,50853.42857,16898.0,568,194.9007073,16981.0,37986.28571,8581.0,282,96.72051046,8623.0,9354.857143,3014.625,72,24.11838362,3024.0,581.6964286
not_usable,moving,2420.125,799,327.439171,2233.0,107216.4107,10504.75,3639,1504.235425,9643.0,2262724.214,4624.5,1611,665.1276999,4243.0,442394.8571,13615.75,4768,1931.158331,12517.0,3729372.5,17530.0,5854,1700.419024,17478.0,2891424.857,18885.625,6134,1774.221675,18883.0,3147862.554,16826.875,5270,1512.59554,16930.5,2287945.268,8559.5,2616,748.2572132,8600.0,559888.8571,2967.125,591,191.3593758,3018.0,36618.41071
not_usable,moving,2333.75,1165,350.4722324,2282.5,122830.7857,10104.25,5211,1584.858331,9814.5,2511775.929,4451.75,2296,697.3139793,4298.0,486246.7857,13074.125,6801,2058.071597,12712.0,4235658.696,16032.75,16211,4700.252964,15557.5,22092377.93,17393.875,17674,5140.444462,16928.0,26424169.27,15459.125,15559,4548.37938,15170.5,20687754.98,8037.25,7685,2271.548103,7896.5,5159930.786,2539.625,1908,565.2675568,2453.5,319527.4107
not_usable,moving,1800.25,1410,547.4963144,1654.5,299752.2143,7757.375,6366,2422.589048,7130.5,5868937.696,3436.75,2583,1004.208821,3140.5,1008435.357,10010.25,7992,3082.953813,9191.0,9504604.214,16789.375,11270,4111.477487,17670.0,16904247.13,18086.875,12169,4380.280925,19112.0,19186860.98,15978.75,10819,3837.010285,16841.0,14722647.93,8249.625,5484,1928.212713,8669.5,3718004.268,2480.75,1693,562.1905498,2651.0,316058.2143
not_usable,moving,2308.625,1896,529.5002867,2326.5,280370.5536,10059.375,8325,2337.013597,10136.5,5461632.554,4385.5,3474,977.6460066,4433.5,955791.7143,12862.75,10514,2942.911423,12917.0,8660727.643,17532.875,10520,3357.142426,16709.0,11270405.27,18908.875,11285,3568.243603,18215.5,12732362.41,16632.375,9999,3147.153723,16158.0,9904576.554,8555.875,5064,1590.21449,8334.5,2528782.125,2662.5,1135,373.1613975,2668.5,139249.4286
not_usable,moving,2536.5,1851,563.4191538,2662.0,317441.1429,11015.125,8170,2459.75222,11400.5,6050380.982,4784.0,3491,1047.704838,4980.5,1097685.429,14079.5,10335,3124.185197,14640.0,9760533.143,19619.5,12487,3837.42946,20948.5,14725864.86,21024.0,13197,4092.243604,22661.5,16746457.71,18256.5,11100,3487.871844,19836.0,12165250.0,9385.5,5611,1762.408579,10204.0,3106084.0,2849.75,1649,484.7664386,2986.0,234998.5
usable,right,3715.875,150,55.68646283,3729.0,3100.982143,16561.75,691,257.6834991,16623.5,66400.78571,7291.625,299,110.4768075,7316.5,12205.125,20784.625,870,323.8151755,20856.0,104856.2679,29327.25,1617,542.3680221,29451.5,294163.0714,31863.125,1314,436.5090205,31963.0,190540.125,28355.625,882,287.9325008,28439.5,82905.125,14498.375,464,151.4755402,14540.5,22944.83929,4073.0,159,52.73654195,4085.5,2781.142857
usable,right,3812.25,75,28.08024216,3813.5,788.5,16985.875,304,114.2196349,16996.0,13046.125,7480.0,114,43.62502558,7488.0,1903.142857,21330.875,354,138.4933598,21347.0,19180.41071,30142.25,604,219.6228911,30169.0,48234.21429,32527.875,459,162.4354267,32539.5,26385.26786,28802.25,274,90.82911742,28810.0,8249.928571,14725.375,140,45.8847547,14731.0,2105.410714,4150.625,52,17.71954127,4151.5,313.9821429
usable,right,3867.625,48,15.8108236,3870.0,249.9821429,17243.75,263,91.36543579,17258.0,8347.642857,7581.75,118,42.13498716,7584.0,1775.357143,21638.5,331,115.0577495,21650.0,13238.28571,30628.125,514,193.5424926,30632.5,37458.69643,32925.75,519,203.1043011,32931.5,41251.35714,29044.75,370,147.4766325,29048.0,21749.35714,14849.25,177,70.96226361,14852.0,5035.642857,4198.5,61,23.63411578,4201.0,558.5714286
not_usable,moving,3784.0,1049,366.5585122,3912.0,134365.1429,16824.125,4854,1701.296937,17419.5,2894411.268,7387.375,2149,754.9696186,7651.5,569979.125,21139.75,5897,2067.623049,21860.5,4275065.071,29804.0,9284,3229.97019,30954.0,10432707.43,31967.0,9925,3466.673622,33205.5,12017826.0,28145.0,8643,3026.957548,29220.5,9162472.0,14377.625,4461,1562.796023,14932.5,2442331.411,4128.0,820,285.0223049,4228.5,81237.71429
not_usable,inclined,2839.5,112,39.13347124,2840.5,1531.428571,12440.5,500,176.1865894,12443.0,31041.71429,5431.0,232,80.26207074,5429.0,6442.0,15813.75,607,213.7941266,15812.5,45707.92857,22265.375,1197,408.1228588,22245.5,166564.2679,23980.75,1501,525.5086651,24058.0,276159.3571,21246.625,1473,528.4286511,21380.0,279236.8393,10809.0,748,266.9654873,10873.5,71270.57143,3450.5,146,49.91707409,3452.5,2491.714286
not_usable,inclined,2969.0,43,17.53364113,2967.0,307.4285714,13023.0,218,81.16297537,13006.5,6587.428571,5674.875,112,37.86607038,5664.0,1433.839286,16509.25,283,103.9488198,16489.0,10805.35714,23152.75,647,242.9260616,23175.5,59013.07143,24844.125,659,263.809692,24859.0,69595.55357,21953.625,556,229.530538,21962.0,52684.26786,11176.875,290,117.5651035,11181.5,13821.55357,3544.875,70,27.2472148,3547.0,742.4107143
not_usable,inclined,2949.125,106,32.97807713,2944.0,1087.553571,12919.5,482,149.7807922,12903.0,22434.28571,5644.5,215,66.21178143,5634.5,4384.0,16410.125,601,186.4759176,16383.5,34773.26786,23042.5,847,305.4556316,23048.5,93303.14286,24740.25,880,320.4085562,24739.5,102661.6429,21912.625,741,274.5156449,21914.0,75358.83929,11163.375,385,142.4960526,11163.5,20305.125,3535.125,90,34.57264608,3536.5,1195.267857
not_usable,moving,3173.125,1046,386.2591423,2943.5,149196.125,13954.625,4706,1738.827761,12921.0,3023521.982,6121.625,1976,763.0238599,5645.0,582205.4107,17763.875,5604,2171.244372,16401.0,4714302.125,24812.75,8679,2821.21148,23836.5,7959234.214,26555.25,9142,2949.31027,25588.0,8698431.071,23320.625,7891,2472.871144,22622.5,6115091.696,11889.125,3980,1255.008644,11532.0,1575046.696,3611.0,989,294.0029154,3539.5,86437.71429
not_usable,moving,2868.875,1166,392.3636933,3038.0,153949.2679,12532.375,5320,1828.065092,13348.5,3341821.982,5504.875,2309,778.6874373,5836.0,606354.125,16032.5,6786,2255.113238,16933.5,5085535.714,21041.625,11191,3678.153455,21701.0,13528812.84,22637.125,12310,4005.79974,23292.0,16046431.55,19964.75,10914,3518.254752,20541.0,12378116.5,10214.125,5574,1792.742627,10462.5,3213926.125,3295.875,973,352.3348397,3358.5,124139.8393
not_usable,moving,3178.625,890,254.9419752,3163.5,64995.41071,13910.25,4159,1185.432019,13929.5,1405249.071,6048.875,1795,513.7755034,6057.0,263965.2679,17746.125,5324,1498.578034,17703.0,2245736.125,26402.5,10849,3620.907266,27034.0,13110969.43,28071.5,11358,3778.921123,28743.0,14280244.86,24271.625,9527,3147.94545,24888.5,9909560.554,12400.875,4781,1586.693186,12715.5,2517595.268,3727.75,1080,335.8752957,3769.5,112812.2143
not_usable,moving,3147.75,1483,464.3892302,3149.0,215657.3571,13653.375,6921,2146.606288,13584.0,4607918.554,5941.625,2988,933.5912133,5893.0,871592.5536,17476.625,8472,2666.683919,17427.0,7111203.125,21990.125,15837,5494.884204,21104.5,30193752.41,23427.625,17007,5884.270484,22394.0,34624639.13,20363.25,14737,5085.597247,19372.5,25863299.36,10414.25,7371,2540.487847,9962.0,6454078.5,3249.75,1700,565.8042948,3119.0,320134.5
not_usable,moving,3985.125,2370,961.5672382,4481.0,924611.5536,17655.5,10733,4392.112801,19918.5,19290654.86,7602.125,4550,1850.260633,8552.5,3423464.411,21997.875,12838,5228.55518,24717.0,27337789.27,33499.625,11356,4432.382041,35864.5,19646010.55,35488.25,11822,4604.121686,37911.0,21197936.5,30867.625,10707,4125.905128,32969.0,17023093.13,15754.0,5398,2086.156959,16821.0,4352050.857,4730.5,1586,611.8951824,5043.0,374415.7143
usable,right,1683.25,53,17.10263138,1687.5,292.5,6363.125,209,66.6556985,6381.0,4442.982143,3183.25,87,28.45924404,3191.0,809.9285714,9600.5,296,95.49719517,9631.0,9119.714286,14283.625,740,251.3716301,14332.0,63187.69643,16834.375,885,298.51008,16878.0,89108.26786,16282.625,797,266.6200815,16323.5,71086.26786,8843.125,400,133.4781282,8868.0,17816.41071,2286.25,102,33.96531845,2290.0,1153.642857
usable,right,1667.25,26,8.447315719,1665.5,71.35714286,6299.875,100,32.99540011,6291.5,1088.696429,3156.0,44,13.80476108,3155.5,190.5714286,9492.125,137,42.85336293,9492.5,1836.410714,14173.75,154,53.20244355,14168.0,2830.5,16739.25,187,69.49768753,16730.0,4829.928571,16258.625,217,79.37422666,16268.5,6300.267857,8840.625,110,40.12814296,8844.5,1610.267857,2278.25,20,7.592289322,2277.0,57.64285714
usable,right,1665.75,50,18.29715044,1668.0,334.7857143,6295.25,198,71.6015762,6304.5,5126.785714,3152.0,91,32.62777082,3155.5,1064.571429,9461.125,289,104.8664968,9474.5,10996.98214,14103.5,528,180.8171926,14147.5,32694.85714,16682.125,571,198.0753374,16739.5,39233.83929,16242.625,486,170.4212742,16304.0,29043.41071,8831.625,252,88.36117037,8864.0,7807.696429,2270.875,64,22.67432469,2277.5,514.125
not_usable,moving,1575.5,512,177.6682301,1635.5,31566.0,5951.0,1901,659.3466463,6177.0,434738.0,2982.0,964,335.4685423,3097.0,112539.1429,8940.125,2875,1000.795889,9283.0,1001592.411,13109.75,4780,1635.486363,13782.0,2674815.643,15556.25,5753,1974.234011,16366.0,3897599.929,15207.625,5646,1941.539811,15998.0,3769576.839,8274.125,3089,1062.649712,8706.0,1129224.411,2167.375,418,142.643349,2230.5,20347.125
not_usable,inclined,1048.875,93,27.50292192,1047.0,756.4107143,3986.125,360,104.8256205,3978.5,10988.41071,1976.125,180,54.4070308,1968.5,2960.125,5953.625,551,164.4583642,5936.5,27046.55357,8757.375,613,214.767607,8745.0,46125.125,10297.125,709,251.9775713,10279.5,63492.69643,10015.75,660,238.7543567,9997.5,57003.64286,5423.75,363,132.8455064,5407.5,17647.92857,1795.0,55,20.31185439,1797.0,412.5714286
not_usable,inclined,1061.0,106,32.16919556,1063.0,1034.857143,4017.0,403,122.4231537,4025.5,14987.42857,1987.5,185,56.32051136,1992.0,3172.0,5992.0,580,175.9285569,6008.0,30950.85714,9046.75,454,160.5612923,9101.5,25779.92857,10679.5,596,215.173684,10745.0,46299.71429,10408.25,610,223.155135,10474.0,49798.21429,5633.5,328,119.917829,5669.5,14380.28571,1832.5,55,19.52288035,1839.0,381.1428571
not_usable,inclined,1140.875,100,33.65131074,1156.5,1132.410714,4317.75,387,131.5867449,4376.0,17315.07143,2126.625,181,61.50711341,2154.5,3783.125,6421.125,564,191.3048707,6511.5,36597.55357,9692.75,702,230.5253317,9780.0,53141.92857,11471.375,782,258.7557798,11562.0,66954.55357,11192.5,716,235.9382486,11267.5,55666.85714,6056.5,381,126.0668757,6095.5,15892.85714,1901.75,71,23.03258561,1909.5,530.5
not_usable,moving,1260.625,423,148.4885157,1180.0,22048.83929,4758.25,1600,547.750921,4468.5,300031.0714,2350.125,786,275.2102767,2199.0,75740.69643,7096.25,2383,833.8557172,6642.0,695315.3571,10275.875,3969,1144.5485,9965.5,1309991.268,12251.125,4768,1424.659602,11769.0,2029654.982,11965.25,4619,1397.691541,11466.5,1953541.643,6477.875,2557,765.4581145,6211.0,585926.125,1782.125,610,225.8927922,1915.0,51027.55357
not_usable,moving,1297.125,278,80.06325624,1298.5,6410.125,4913.375,1168,330.9682494,4923.0,109539.9821,2434.125,533,153.9586563,2442.0,23703.26786,7317.0,1593,462.1595272,7345.0,213591.4286,10742.0,1572,507.5017241,10898.0,257558.0,12853.875,1784,585.7591991,13037.5,343113.8393,12539.375,1732,562.84353,12700.5,316792.8393,6809.125,931,307.5313863,6900.5,94575.55357,1613.875,527,152.2342532,1638.0,23175.26786
not_usable,moving,1346.75,151,54.89925839,1357.0,3013.928571,5103.5,650,240.8745969,5153.5,58020.57143,2530.5,296,108.367101,2555.5,11743.42857,7596.25,896,325.488095,7661.5,105942.5,12091.0,2719,843.4349835,11996.0,711382.5714,14408.625,3054,953.7425435,14384.0,909624.8393,13997.625,2837,897.0897291,14026.5,804769.9821,7589.625,1437,477.2959362,7632.5,227811.4107,1855.125,582,192.6777009,1882.0,37124.69643
not_usable,moving,1420.5,320,106.7025237,1412.0,11385.42857,5429.5,1173,378.8335481,5386.0,143514.8571,2677.625,583,185.4314949,2660.0,34384.83929,8031.125,1702,561.8979159,7975.5,315729.2679,12141.125,1805,623.2569838,12162.5,388449.2679,14411.875,1906,666.2906782,14439.5,443943.2679,13980.375,1669,598.9612288,13955.5,358754.5536,7558.375,828,305.0671764,7506.5,93065.98214,1840.375,315,117.2530079,1866.5,13748.26786
usable,right,1793.75,166,44.95315022,1790.5,2020.785714,6857.25,656,177.589213,6843.0,31537.92857,3398.875,310,86.25450299,3391.0,7439.839286,10003.375,913,250.4703789,9977.0,62735.41071,14669.25,1402,486.9537232,14846.0,237123.9286,17478.5,1637,565.9719832,17685.5,320324.2857,17194.5,1566,528.8372691,17356.5,279668.8571,9331.625,815,275.7752385,9408.0,76051.98214,2345.625,173,58.39994496,2366.5,3410.553571
usable,right,1713.75,41,15.92616894,1712.5,253.6428571,6524.875,165,65.20832002,6521.0,4252.125,3272.0,89,34.6245165,3275.5,1198.857143,9583.125,246,96.82449144,9582.0,9374.982143,14190.875,757,262.5280597,14075.0,68920.98214,16939.375,822,287.1052259,16804.5,82429.41071,16797.125,788,272.0128345,16690.5,73990.98214,9158.25,421,144.6451323,9110.5,20922.21429,2289.625,79,27.05516851,2276.0,731.9821429
usable,right,1696.125,104,42.38745603,1678.0,1796.696429,6462.25,431,175.0940564,6387.5,30657.92857,3252.25,200,80.86099183,3218.5,6538.5,9488.25,602,245.9655899,9384.0,60499.07143,13832.125,724,230.8224039,13761.0,53278.98214,16511.875,805,256.0761257,16431.0,65574.98214,16455.375,724,227.3945203,16392.0,51708.26786,9002.75,367,113.6507809,8976.0,12916.5,2248.875,76,24.78730954,2240.0,614.4107143
not_usable,moving,1629.5,427,144.6789549,1685.0,20932.0,6202.25,1679,568.6564994,6421.5,323370.2143,3130.875,834,281.8846965,3238.0,79458.98214,9128.0,2394,809.7601056,9438.0,655711.4286,12925.0,4716,1814.430962,13839.0,3292159.714,15408.375,5585,2145.316822,16488.5,4602384.268,15393.25,5442,2077.96994,16432.0,4317959.071,8434.75,2984,1138.018296,9003.5,1295085.643,2158.875,445,169.3832826,2242.5,28690.69643
not_usable,moving,1018.0,222,94.23375192,1017.0,8880.0,3862.75,834,353.7794915,3857.0,125159.9286,1954.25,415,177.2316886,1950.0,31411.07143,5688.875,1270,539.3902477,5681.0,290941.8393,8235.5,2075,755.0844797,7871.0,570152.5714,9791.625,2515,917.8182107,9345.0,842390.2679,9852.0,2546,932.5295859,9394.5,869611.4286,5386.125,1389,509.4132304,5134.5,259501.8393,1712.625,227,82.57280337,1675.0,6818.267857
not_usable,inclined,983.25,26,10.51189802,981.5,110.5,3730.625,103,40.72534311,3722.5,1658.553571,1883.75,49,19.29285582,1880.0,372.2142857,5492.375,151,60.49778626,5480.5,3659.982143,8032.375,310,107.4509024,8059.0,11545.69643,9527.25,359,124.4711671,9558.0,15493.07143,9552.625,350,121.7971821,9581.0,14834.55357,5216.5,184,64.80299817,5231.0,4199.428571,1698.125,35,11.63047106,1700.0,135.2678571
not_usable,inclined,993.5,38,12.53566341,990.0,157.1428571,3761.875,141,45.51432271,3748.0,2071.553571,1902.125,69,22.89377645,1895.5,524.125,5549.5,217,71.87687886,5529.0,5166.285714,8176.125,585,183.9250138,8097.0,33828.41071,9711.375,703,220.1797561,9617.5,48479.125,9745.0,704,220.0045454,9653.0,48402.0,5324.125,384,119.9100109,5275.5,14378.41071,1715.875,67,21.06071156,1707.5,443.5535714
not_usable,moving,1119.375,196,80.47703754,1079.5,6476.553571,4268.125,853,320.8308132,4082.0,102932.4107,2159.0,448,169.3483308,2060.0,28678.85714,6308.125,1276,487.1296212,6034.5,237295.2679,9378.75,3398,1136.266034,9006.5,1291100.5,11332.375,3910,1391.89921,10881.5,1937383.411,11390.125,3929,1389.215548,10961.5,1929919.839,6211.125,2194,756.7763281,5989.0,572710.4107,1591.0,891,298.8128894,1699.0,89289.14286
not_usable,moving,1216.875,437,148.3580972,1261.5,22010.125,4687.25,1690,567.2184638,4831.0,321736.7857,2366.625,829,275.9632157,2448.0,76155.69643,6875.0,2451,825.4143548,7127.0,681308.8571,9879.75,3738,1170.511579,9541.0,1370097.357,11899.375,4302,1333.092102,11554.0,1777134.554,11884.125,4249,1283.622824,11636.5,1647687.554,6457.25,2245,676.6386987,6343.0,457839.9286,1405.5,724,223.8953837,1361.5,50129.14286
not_usable,moving,1319.625,383,142.8425082,1386.0,20403.98214,5114.0,1532,561.8065249,5333.0,315626.5714,2579.625,766,275.9518268,2700.5,76149.41071,7503.625,2193,799.5493262,7883.5,639279.125,10365.0,2489,974.7360082,10719.5,950110.2857,12419.625,2610,1073.562286,12873.0,1152535.982,12326.25,2444,974.4947042,12788.0,949639.9286,6690.75,1346,536.1539624,6923.5,287461.0714,1484.875,524,204.3221808,1556.0,41747.55357
not_usable,moving,1299.75,393,123.529927,1318.0,15259.64286,4997.375,1535,464.9331557,5076.0,216162.8393,2535.25,741,225.2007041,2573.0,50715.35714,7378.75,2163,665.4941773,7522.0,442882.5,10269.25,4844,1993.530734,9820.5,3974164.786,12318.25,5752,2333.670239,11781.0,5446016.786,12211.75,5804,2279.382231,11618.5,5195583.357,6633.375,3145,1239.099089,6312.0,1535366.554,1448.375,959,403.7714833,1325.5,163031.4107
usable,right,1925.25,80,29.12902333,1935.0,848.5,7325.375,299,110.7222232,7365.0,12259.41071,3637.375,130,51.23039695,3659.0,2624.553571,10656.125,422,153.6103024,10712.5,23596.125,15607.875,1316,444.4616125,15622.5,197546.125,18514.0,1467,497.8703216,18535.0,247874.8571,18175.0,1404,477.8373902,18184.0,228328.5714,9860.125,753,253.1743823,9863.0,64097.26786,2482.625,205,68.76447899,2483.0,4728.553571
usable,right,1912.625,154,61.62545277,1931.5,3797.696429,7280.375,612,242.3698104,7353.5,58743.125,3643.5,285,112.4493537,3678.5,12644.85714,10620.5,835,330.7627549,10720.5,109404.0,15506.0,1422,508.4123748,15621.0,258483.1429,18376.375,1632,582.2120226,18520.5,338970.8393,18096.5,1551,555.4311067,18245.5,308503.7143,9843.125,805,289.1131452,9923.0,83586.41071,2467.625,219,78.28507886,2489.0,6128.553571
usable,right,1811.875,67,26.29197325,1804.0,691.2678571,6886.0,274,104.8972286,6855.0,11003.42857,3463.375,122,48.19880704,3445.5,2323.125,10084.125,360,143.1517052,10034.5,20492.41071,14629.875,1056,409.0785595,14741.0,167345.2679,17330.625,1163,461.7936885,17479.5,213253.4107,17100.75,1076,431.9622173,17237.0,186591.3571,9335.25,564,222.9514681,9397.5,49707.35714,2338.875,160,62.50357133,2356.5,3906.696429
usable,right,1747.5,185,68.08188347,1757.5,4635.142857,6631.125,731,272.2758252,6669.5,74134.125,3352.5,358,132.0605922,3370.0,17440.0,9727.125,1031,381.9960499,9778.5,145920.9821,14130.125,975,344.7535093,14125.5,118854.9821,16775.375,1111,397.3720594,16789.5,157904.5536,16626.5,1094,391.6992286,16653.0,153428.2857,9102.625,583,207.7821232,9116.5,43173.41071,2277.625,152,56.58858416,2279.0,3202.267857
not_usable,inclined,1556.75,311,116.5721726,1576.0,13589.07143,5943.75,1190,447.6598677,6016.5,200399.3571,3004.875,599,225.7371654,3041.0,50957.26786,8720.75,1713,646.152293,8830.5,417512.7857,12478.0,3056,1043.147024,12728.0,1088155.714,14804.25,3576,1222.766156,15105.5,1495157.071,14653.875,3626,1239.187226,14956.5,1535584.982,8011.125,1960,668.0663862,8170.5,446312.6964,1864.75,644,221.0279556,1914.0,48853.35714
not_usable,inclined,1284.75,137,44.64702838,1286.0,1993.357143,4912.5,522,169.3972508,4917.5,28695.42857,2491.375,251,80.95490367,2493.0,6553.696429,7222.25,762,247.1527868,7229.5,61084.5,10621.875,699,293.2397544,10641.0,85989.55357,12650.5,798,341.6648316,12679.5,116734.8571,12508.375,744,329.0145188,12542.5,108250.5536,6861.375,395,174.7757236,6881.0,30546.55357,1469.5,118,52.27946879,1474.0,2733.142857
not_usable,moving,1240.375,260,116.7316061,1283.0,13626.26786,4743.25,996,446.8172365,4901.0,199645.6429,2404.0,492,221.8017132,2483.0,49196.0,6966.375,1475,661.8782662,7197.5,438082.8393,9965.25,2980,1129.30304,10211.0,1275325.357,11862.625,3478,1317.813876,12146.5,1736633.411,11704.875,3393,1289.128769,11974.0,1661852.982,6430.5,1814,690.9190567,6576.0,477369.1429,1354.75,507,194.0616618,1393.5,37659.92857
not_usable,moving,1337.625,544,166.9652979,1306.5,27877.41071,5087.25,1882,581.7453419,4990.0,338427.6429,2576.25,948,294.887751,2523.0,86958.78571,7489.0,2891,894.3732043,7324.5,799903.4286,10886.625,3894,1306.743383,10622.5,1707578.268,12993.875,4584,1527.792005,12688.0,2334148.411,12889.875,4512,1502.505378,12623.0,2257522.411,7056.75,2409,804.5761528,6893.5,647342.7857,1699.125,908,353.8576944,1741.5,125215.2679
not_usable,moving,1589.125,395,127.0415427,1624.5,16139.55357,6060.25,1578,513.6337634,6207.0,263819.6429,3018.75,816,259.1027099,3095.5,67134.21429,8875.625,2093,685.0574402,9110.0,469303.6964,13120.625,1401,544.126282,13227.0,296073.4107,15580.25,1709,591.6204744,15729.0,350014.7857,15364.5,1873,661.7593434,15480.0,437925.4286,8331.625,1042,355.2789397,8398.5,126223.125,2177.875,164,64.82159583,2211.5,4201.839286
not_usable,moving,1626.625,378,126.9712425,1660.0,16121.69643,6226.75,1488,509.2907533,6337.0,259377.0714,3114.875,785,255.9472253,3141.0,65508.98214,9119.125,2142,705.4907993,9251.5,497717.2679,13054.125,4374,1431.983084,12561.0,2050575.554,15405.75,5353,1641.398511,14842.0,2694189.071,15066.25,5572,1623.558328,14712.0,2635941.643,8165.625,2927,857.7760176,7982.0,735779.6964,2173.75,570,165.4955761,2157.0,27388.78571
not_usable,moving,1470.125,806,283.2668795,1568.5,80240.125,5617.125,3195,1084.258593,5939.0,1175616.696,2830.625,1537,526.0890575,2972.5,276769.6964,8302.875,4514,1575.77205,8794.0,2483057.554,13068.625,3670,1327.747172,13219.0,1762912.554,15288.25,4780,1681.072765,15347.0,2826005.643,14787.5,5361,1791.846215,14657.0,3210712.857,7993.625,2996,997.923979,7921.0,995852.2679,2164.625,379,119.4773589,2152.0,14274.83929
